OTEXE,TDTE3
15,148301
15,126166
15,31054
15,38145.45
15,9119
15,74296
15,238907
15,136039
15,75751
15,276631
15,85682
15,191409
15,19515
15,103355
15,117012
15,17340
15,131303
15,182201
15,144200
15,332570
15,25358
15,191981.51
15,123810
15,122696.52
15,203237.92
15,76717
15,51841
15,68375
15,350089
15,450459
15,1803
15,73176.93
15,122115.41
15,96907.68
15,267378
15,93717
15,136273.99
15,164927.93
15,109551
15,284261.25
15,84442
15,108651
15,267906
15,82301
15,137919
15,260288
15,114954
15,13830
15,1308
15,32379
15,323202
15,10507
15,83230.55
15,716264
15,32911
15,18459
15,10384
15,10599
15,386
15,59496
15,354471
15,290538
15,42563
15,126091
15,57812
15,474050
15,86252
15,98752
15,729040.86
15,25831
15,110037
15,207602.81
15,17104
15,6938.74
15,1052.74
15,48906
15,267226.41
15,5387.15
15,306060.48
15,211096
15,273337.37
15,27369.98
15,61651
15,173538.18
15,250612.02
15,26574
15,249316
15,29986
15,26374.81
15,6045
15,107409
15,333432
15,370037.95
15,4985
15,46233
15,624193
15,1793
15,21142.35
15,714706
15,356294.33
15,224118
15,354634
15,43305.85
15,19419.79
15,100416.17
15,511978.98
15,84274.79
15,20918.07
15,146089.95
15,226674.69
15,1796.9
15,114137
15,190962
15,132383
15,149614
15,413509
15,89529.3
15,83889.4
15,197393.37
15,12924
15,41559
15,20323
15,11080
15,59325
15,171524.48
15,114587.99
15,167481.25
15,277075.87
15,442499
15,1168
15,106532
15,47679
15,33626
15,34854.16
15,131459.69
15,44338
15,251066
15,62361.94
15,309297
15,206435
15,192771
15,10550
15,305011.37
15,148268.71
15,23730.82
15,159203
15,150693
15,130598
15,179062
15,387563.38
15,224392.94
15,71525
15,229931
15,2537
15,110987
15,311210
15,58366
15,115664.98
15,143051
15,319689
15,107279
15,32398.71
15,140828
15,260068.14
15,4865
15,92047.11
15,6359.84
15,132857
15,281449
15,37136.38
15,302692.62
15,219219
15,123189.31
15,127741.54
15,179870
15,616824
15,258334
15,14181
15,330666
15,133331.84
15,181035
15,33525.54
15,265809.07
15,481686.44
15,294946
15,162219
15,60646.51
15,85474
15,21462
15,24373.1
15,161035.65
15,283397
15,255147
15,389292
15,465594
15,236635
15,249458
15,256792
15,257243
15,103372
15,78306.9
15,24534
15,221210
15,132704
15,31843
15,87557.69
15,47930
15,17994.1
15,111778.93
15,60106.37
15,25338.37
15,168750
15,57351
15,186150
15,260248.63
15,650049
15,226877.99
15,433765
15,61274.06
15,98006
15,10844
15,114104.4
15,66074.26
15,143477
15,17451
15,64769
15,1132104.07
15,74206
15,54952
15,395869.63
15,200278.32
15,57545.45
15,236
15,6833
15,82749
15,111295
15,65650
15,111748
15,74352.78
15,65806.57
15,47829.26
15,357560.7
15,228946
15,273379.28
15,138783.34
15,152784
15,439739.91
15,131387
15,22227
15,480960
15,236572.47
15,908.96
15,360536
15,188494
15,194616.68
15,92342
15,105577.43
15,80343
15,98966
15,156102
15,58102
15,67288
15,362229
15,291328
15,103751.77
15,122433
15,94516.93
15,36042
15,62413.5
15,38358
15,78142
15,11429
15,209170.06
15,245396.72
15,375254.44
15,77190.56
15,441803
15,4424
15,220775
15,615084
15,18934
15,231578
15,326929
15,267000
15,34212
15,9670
15,7433.76
15,3128
15,14860
15,66452.44
15,67799.21
15,38928.83
15,179103
15,187889
15,567269
15,17198.02
15,95673.52
15,107408.74
15,181603.69
15,196910
15,107236
15,92098
15,90684
15,352753
15,44930
15,39497
15,206405
15,62032
15,9817
15,201959
15,146094.76
15,155200
15,106719
15,87237
15,305671.53
15,41682
15,176565.3
15,73165.7
15,259422
15,250020
15,99861
15,73488
15,142413.62
15,52273
15,97083
15,13410
15,78349
15,25794
15,20603.57
15,2313.08
15,60279
15,77675
15,126180
15,25511.7
15,278455.87
15,5136.67
15,135444
15,394481.78
15,24475
15,103947.23
15,398023
15,137869
15,146672
15,255947.71
15,178478.72
15,331265
15,72251
15,807709
15,306997.95
15,23651
15,208447
15,42304
15,7780
15,175717
15,156096.34
15,546166.96
15,30605
15,123587
15,361650.29
15,29479
15,168580.98
15,61818
15,40027
15,370217
15,154854
15,88285
15,214090
15,103850
15,447030
15,156573.05
15,764174.16
15,66427.16
15,59918
15,204833
15,62904
15,116341
15,40304.78
15,361420.82
15,124427
15,65636
15,283424.97
15,12924.56
15,127669
15,93234
15,198310
15,145664
15,256848
15,556469
15,320836.48
15,152239
15,53449.11
15,18384
15,255464
15,49189
15,254290
15,171235
15,191032.5
15,70216.4
15,1260
15,473400
15,120266
15,24121.84
15,39922
15,33605
15,29675.22
15,215578.47
15,149523.1
15,229019.99
15,80377.86
15,365741
15,160785.3
15,98093.04
15,113196.94
15,136101.24
15,10101
15,111338
15,365266.07
15,580920
15,5408
15,131752
15,13077
15,362558
15,313804
15,122481
15,151343
15,12028
15,225256
15,26460
15,36861
15,48264
15,185690.69
15,75424.33
15,159633.99
15,24574
15,5483.8
15,12229.12
15,106810.09
15,250115
15,266816
15,56530.3
15,19007
15,107157.56
15,66529
15,112716
15,75594
15,157818
15,186399
15,245516.05
15,243099
15,30374
15,98533
15,377929
15,209255
15,186262
15,110634
15,23162.37
15,258204
15,138715.23
15,264194
15,107069.41
15,83146.87
15,218337
15,93251.91
15,75474.52
15,64459.11
15,488025.98
15,713248.44
15,5305.54
15,4198.19
15,15850.16
15,10083.56
15,15045.27
15,113090.49
15,65282.79
15,386891.02
15,197597
15,176038
15,171455
15,188799.24
15,55390.64
15,119567.26
15,5364
15,47379
15,189306
15,99565
15,40353
15,122091
15,71444
15,42452
15,22066
15,113238
15,51440.45
15,23689.71
15,23577
15,150789.53
15,17389
15,114467
15,42059.47
15,38218
15,240676
15,75649
15,320078
15,347459
15,325317
15,250776
15,106468.26
15,34844
15,32182
15,772606
15,176407
15,292231.78
15,38556.05
15,218220.86
15,36565
15,74398
15,304325
15,184394.77
15,354916
15,38686
15,338324.01
15,39444
15,17223.96
15,19157
15,231167
15,663678
15,0
15,57127
15,327680.81
15,300810.92
15,22389
15,158830
15,156211
15,109789
15,77656
15,98539
15,490753
15,424434
15,89510
15,40033
15,30632.39
15,552924.62
15,3238
15,11437
15,47774
15,163458
15,69223
15,161956.24
15,139698.51
15,26925
15,8452.61
15,63733
15,489.65
15,108868
15,286761
15,115390
15,300350
15,215639.79
15,820240.48
15,358319.4
15,12763
15,91106
15,47657.63
15,284542.28
15,659562
15,211532
15,40170
15,87938.86
15,56398
15,36520
15,101030.56
15,18495
15,69207
15,330743
15,136942
15,21755
15,321145
15,28747
15,228960
15,47365
15,37901
15,26294
15,386931
15,166303
15,350720
15,293297
15,135804
15,73508.77
15,453226
15,31118
15,157657.89
15,174352.86
15,129569.71
15,230264
15,110691
15,39879
15,123038.16
15,263.8
15,582702.63
15,2082
15,323008
15,111366
15,505076
15,383270
15,214930
15,334331
15,159514
15,340000
15,150149
15,76260.41
15,195904
15,28579
15,177600
15,287594
15,169469.98
15,60642
15,306129
15,38805
15,283029
15,83548
15,183537
15,158890.71
15,322763
15,134576
15,181239
15,261817.26
15,90303
15,158040
15,153170
15,460652
15,12621
15,512296
15,497440.16
15,539147.55
15,143210
15,45760.51
15,84099.83
15,211775.05
15,675002
15,45319
15,168044
15,157644.51
15,29812
15,134271.79
15,237432
15,194943.64
15,1930.18
15,116132
15,63770
15,105019.26
15,49572
15,305437
15,82272
15,60651.73
15,30470.31
15,10589
15,97922
15,19810
15,33956
15,132005
15,4144.9
15,194008.99
15,152646
15,114061
15,25053
15,461881
15,71744
15,7033.16
15,479715
15,46818
15,400504
15,29458
15,56533.72
15,44886.55
15,8784
15,89408
15,442550
15,101946
15,77903
15,18114.49
15,493290
15,155666
15,101422
15,13909
15,34434
15,45016
15,176536
15,217745
15,244374.51
15,110028.84
15,342282
15,410351
15,4763
15,247730
15,37481
15,141337
15,74597
15,9065.7
15,78164.82
15,345248.4
15,195007
15,15537.74
15,199067.87
15,15913
15,28913.68
15,114755.29
15,135307
15,378983
15,245713
15,53784
15,724929
15,4882
15,25939
15,134016
15,271049
15,386537
15,31152
15,76920.62
15,72771.29
15,170659.71
15,174568
15,143493
15,6838
15,179567.22
15,39056.3
15,142529.46
15,59347.84
15,55965.96
15,100554
15,158880
15,6653.73
15,67613
15,69513
15,70343
15,223092
15,145524
15,17578.75
15,37705
15,36223
15,13804
15,16100.18
15,6093.56
15,370035.83
15,2025.63
15,10614
15,199715
15,95679
15,281849
15,47158.9
15,155514
15,3252
15,12112
15,12363
15,12088
15,135850
15,256938
15,373852
15,690820
15,12851
15,431016
15,500025.98
15,286260.57
15,99088.38
15,148114
15,68205.04
15,63405
15,100205
15,308734.75
15,977549
15,1171524.95
15,8835.36
15,209565
15,139930
15,392810.08
15,34267
15,409657.58
15,337027.49
15,274818.44
15,84741.89
15,183042.3
15,81497.57
15,22097.3
15,267894.24
15,88424
15,46224.83
15,275981
15,30301
15,110512
15,374985
15,234996.02
15,55227
15,286337
15,45995
15,253753.05
15,490434.23
15,666871.57
15,574454.04
15,475595.17
15,111588.21
15,303032.76
15,133022
15,32846
15,36615.49
15,9608.47
15,296580
15,5403.01
15,19287
15,159755
15,54207
15,1126778.53
15,258599.1
15,318777.19
15,48787.22
15,8502
15,549880
15,141359
15,19548
15,318668
15,1972
15,8051.32
15,9778.69
15,44159
15,100827
15,181376.39
15,108075
15,41833
15,102772
15,25820
15,143903
15,108035.87
15,383973
15,841246
15,488783.38
15,70572.05
15,93788.33
15,473877
15,606613
15,245783.93
15,461146.23
15,138814
15,25807
15,80864
15,101615
15,158880
15,45926
15,191826
15,226085
15,52181
15,87143
15,384865.58
15,406082
15,11804.77
15,164114
15,32363
15,16235.8
15,47122.1
15,103301.79
15,465593.5
15,2734
15,38099.81
15,310546
15,19793
15,147514
15,59649
15,73298.12
15,62019
15,10968
15,17335
15,16192
15,185326.57
15,3279.8
15,17143.15
15,163297.36
15,575.63
15,213825
15,543116
15,12913
15,116589
15,123932
15,29070
15,39882.52
15,72040.54
15,89684
15,144267
15,57548.48
15,200174.85
15,174302
15,55165
15,224292
15,137225
15,36043.89
15,124768.05
15,143527.14
15,63922.48
15,257308
15,393398
15,420874.41
15,2883
15,91490
15,128124
15,83904
15,264151
15,88620
15,78440.94
15,22833.43
15,36859.94
15,209297
15,252234
15,69942.22
15,898.07
15,175041
15,41479
15,86452
15,70970.39
15,250647.34
15,319057
15,39666.76
15,193866
15,541248
15,186169
15,53887
15,305344.94
15,37010
15,299079
15,257404
15,299647
15,177105
15,36800
15,3169
15,158072
15,146827
15,169871.17
15,118724.68
15,97160
15,79959
15,30230
15,45062
15,183181
15,312484
15,24863.72
15,391602
16,104118
16,31714
16,0
16,109179
16,32221.25
16,81350
16,203273
16,73546
16,344258
16,19156
16,188065
16,17949
16,718889.43
16,480214.46
16,53359.65
16,42388.93
16,904936.84
16,233070
16,935989
16,88145
16,579207.45
16,395115
16,297176
16,461262.77
16,54553.24
16,243567.76
16,55695
16,695033.11
16,59336
16,256168.19
16,437039
16,202031
16,173717
16,403419.8
16,1156705
16,360758
16,83350
16,251179
16,734349.71
16,58413
16,117337
16,375685.05
16,60941
16,212062.93
16,509157.86
16,81635.85
16,526699.97
16,157488
16,111856
16,413455.93
16,31742.63
16,312790
16,254631
16,25258
16,39524
16,8662.97
16,461360
16,182156
16,185958
16,84996
16,357045
16,688991
16,335292.04
16,40684.18
16,554092
16,137732.52
16,230190
16,25805
16,430849
16,433370.27
16,383727.57
16,197931.25
16,103303.68
16,292682.32
16,158977.41
16,325507.92
16,70798
16,20142
16,634655.71
16,147133.08
16,1574580
16,525560
16,242899.66
16,118990
16,136953.23
16,50988.49
16,284923
16,291207.73
16,13145.48
16,328041
16,191477.59
16,757423
16,466268.32
16,111985
16,113846.89
16,21749
16,30282.02
16,159288
16,235495
16,328146
16,105677.08
16,222423
16,89391.78
16,222312
16,357599
16,174676
16,263741.82
16,119913.32
16,270403
16,251732
16,122069.28
16,105877
16,63752
16,249834.11
16,24875
16,174163
16,107208
16,66550.82
16,233904
16,503198
16,297602
16,217509
16,237331.98
16,73286.47
16,87803.57
16,143029.93
16,137169.01
16,183333
16,799368
16,336430
16,2077025
16,108119
16,359478
16,440974.28
16,34973.44
16,265831.75
16,108415
16,204074
16,70976
16,118210
16,114982
16,472761
16,105950.2
16,604100.88
16,1823489
16,113498
16,772057
16,27926
16,70203
16,1839738
16,255859
16,35460
16,42444.77
16,36292.71
16,21715
16,73930
16,68651
16,235860.76
16,293272.96
16,111805.47
16,115741.94
16,297767
16,131068
16,75573
16,504918
16,32966.61
16,76930
16,88561
16,89444
16,18785
16,74275.96
16,200673
16,367153.16
16,148107.52
16,222920.75
16,171501.2
16,374714.11
16,155490.92
16,362507.36
16,541396
16,139388
16,314536
16,649312
16,3883
16,361057
16,172463
16,16232
16,133379
16,10333
16,332359.09
16,53364.62
16,5822
16,56782
16,79925.1
16,23749.77
16,1134199
16,672442
16,460943
16,344633
16,281245.74
16,562740.83
16,457868.73
16,206839.9
16,27739
16,174724
16,17804
16,17667
16,67524
16,211571
16,22760
16,96945
16,425521.93
16,113078
16,5075
16,271426
16,329588
16,37603
16,487825.52
16,53767
16,28817
16,58138
16,132418
16,581190
16,159444
16,44915
16,228936
16,279788.35
16,16621
16,4811
16,330619
16,41494
16,151221.01
16,221493.19
16,151435
16,7661
16,107272
16,102517
16,209793.2
16,52388
16,44622
16,4093
16,249463
16,29229
16,481574.97
16,32607.88
16,428403.05
16,2063163.75
16,110990.42
16,119645
16,51809
16,43766
16,15833
16,1219739
16,238789
16,86023
16,106432.07
16,5380.92
16,105323
16,106359
16,211778.09
16,23548
16,434375
16,128105
16,15597
16,44536
16,27260
16,359733
16,416312.23
16,628162.16
16,227492
16,492569
16,167434
16,2243214
16,203997
16,243214
16,186735
16,57443.46
16,421835
16,56111
16,21873
16,61668
16,473457
16,24882
16,36359
16,960461
16,172108.25
16,99745
16,175700
16,198839
16,221452
16,75028
16,221634
16,469451.63
16,297065.43
16,204357
16,422888.57
16,254203
16,54723.76
16,325588.09
16,178606
16,346717.29
16,344483
16,153274
16,142454
16,363108
16,466581
16,677352
16,130488
16,1916
16,287204
16,460154
16,222359
16,127014
16,413976
16,278106
16,322285
16,49883
16,69008
16,104616
16,276834
16,257033
16,243548
16,138830
16,147183.23
16,615873.31
16,629977.42
16,240054
16,147330
16,117552
16,2412267
16,150062
16,125865
16,265020
16,284659
16,68363.2
16,191546.2
16,5025
16,20850
16,1343363
16,37662.85
16,82472
16,41949.18
16,234557
16,199082
16,247319
16,39627
16,143097
16,54627.84
16,160908
16,395760.65
16,498652
16,548711
16,896388
16,480810
16,15361
16,53194
16,198179
16,585157
16,132411
16,258253
16,255381
16,200469.86
16,327458
16,301061
16,41844.06
16,299566.86
16,67559.97
16,252717
16,129646
16,36938
16,128661
16,517726
16,333558
16,962303
16,449898
16,263903
16,123870
16,222124
16,264587
16,71486.91
16,36093.13
16,140822
16,83780
16,971322
16,1480581
16,794044
16,592344
16,89324.6
16,4324.65
16,155643
16,493183
16,5924
16,350981
16,357069
16,15203
16,97339
16,278327.09
16,2581387
16,753616
16,990874
16,235238
16,116829
16,11420
16,13744
16,86428
16,335149.91
16,320073.79
16,691336
16,218440.86
16,302934.83
16,238911
16,274507.4
16,29946
16,452921.56
16,852560.9
16,506185.02
16,230448.15
16,475739
16,71052
16,155526.09
16,404101
16,898474
16,141193
16,94448
16,233258
16,331268
16,139707
16,89709.55
16,446111.2
16,0
16,137714
16,19907
16,14246
16,68567.68
16,1242497
16,800659
16,182699.29
16,777766
16,91927.39
16,106145
16,113693
16,246246
16,286209
16,263124
16,30756.76
16,1350825.55
16,597159
16,402348.48
16,14466
16,260394.35
16,0
16,432852
16,98924
16,111807
16,29842
16,65006.59
16,918960.23
16,155528.84
16,141167.98
16,407411
16,196578.93
16,52199.31
16,31169.91
16,135529.79
16,152854.78
16,16489.84
16,67505
16,73741
16,34198
16,181407
16,60301
16,165301
16,654104.29
16,98058.37
16,25449
16,28801
16,77935
16,76823
16,31558
16,154542
16,142935
16,172483
16,155852
16,1146207
16,163631
16,23110
16,90105
16,270982
16,540663
16,135390.85
16,319811
16,300662
16,179889
16,555332.72
16,332874.16
28,101685
28,186867.47
28,316047.05
28,49874
28,64151.82
28,84068.19
28,5611.6
28,87461.79
28,657660
28,6784.18
28,184571
28,159193.82
28,49710
28,65513.24
28,0
28,682621.38
28,157850
28,325468.93
28,164621
28,14743
28,581183
28,484045
28,74160
28,426829.03
28,3578180.93
28,38400
28,190673
28,115852
28,176712
28,62907
28,41827.96
28,426892
28,16604
28,535427.84
28,167745
28,19820
28,5640.8
28,202801.69
28,92567
28,520338.41
28,365382.78
28,273880
28,19206.47
28,2348
28,10316
28,138855
28,218099.55
28,99954.37
28,117392.48
28,47925.58
28,762031.04
28,2203746
28,739430
28,178296
28,920
28,38843.84
28,251821
28,38986
28,1328485.33
28,88479
28,104300.38
28,70362
28,87641
28,114267
28,114831.32
28,285412
28,9424
28,62661.72
28,2688853.1
28,167709
28,7389.54
28,1220
28,617520
28,139743
28,73320
28,9028
28,1046234
28,6456803
28,93762.36
28,132722
28,256062
28,55304
28,81597
28,353584.78
28,9707.77
28,55700
28,387375
28,36092
28,41492.09
28,99640.91
28,61129.7
28,773142
28,321213
28,219434
28,9425
28,521457.9
28,559349
28,497028
28,40666.25
28,49980
28,165078
28,19481
28,218011
28,69221
28,11607
28,735953.94
28,7410
28,8474
28,107525.75
28,42366.91
28,211435
28,33528
28,232845
28,68154
28,15148
28,22144
28,112258
28,32565
28,2590.63
28,329508.63
28,129077
28,266719.38
28,77685.5
28,1935457
28,86535
28,749235.96
28,23126.56
28,97216
28,99286
28,83679
28,293403.89
28,532057.91
28,10893
28,76084.03
28,14135.4
28,63655.01
28,112341.12
28,977
28,14659.7
28,5749.94
28,30369
28,20720
28,118283
28,12163
28,239484
28,1443
28,13558
28,36669
28,60878
28,1290.49
28,124342
28,31140
28,9247
28,81623
28,55447
28,12045
28,0
28,4131.98
28,15561
28,33392.26
28,99290.47
28,51833
28,2539611
28,88854.56
28,153266.47
28,415916.71
28,138175
28,205609
28,6579
28,230694
28,89947.37
28,90232
28,66559
28,484769
28,118069
28,3845
28,8347
28,11815
28,3311.96
28,57955
28,62268
28,88370
28,882281
28,76070.81
28,37200
28,186760
28,178421
28,59406
28,93820
28,290021
28,2680161
28,270875
28,598171
28,370395.12
28,18928.81
28,106788
28,146385
28,425797
28,193819
28,112922.37
28,28872
28,116396
28,91609
28,165301
28,48107
28,14194
28,5074
28,6474
28,6682.23
28,15943
28,646.76
28,165672.57
28,164748.58
28,41939
28,67505.42
28,26343
28,22126.82
28,4227.59
28,90927.82
28,86435.73
28,11685
28,247557
28,380569
28,17868
28,351234.43
28,627360.72
28,33929
28,167694.82
28,135440.46
28,86590
28,138646
28,335725
28,35740
28,245955
28,92270.04
28,94604
28,161984
28,36761
28,589504
28,545050
28,29505
28,362245
28,178695
28,192053
28,332619
28,56612
29,12840
29,327264
29,22947
29,46309.92
29,76308
29,90809
29,287400
29,129619
29,753944.11
29,24160
29,707019.8
29,479429
29,167319.06
29,97012
29,38824
29,37049
29,53391
29,115578
29,65733
29,859386
29,318319
29,95566
29,247570
29,164651
29,5421.96
29,78434.02
29,16170.88
29,6053.96
29,445473.96
29,100410
29,133313
29,102908
29,3566
29,132244
29,32579.51
29,56224
29,8216
29,12324
29,185136.59
29,1422
29,99893
29,679382
29,28245
29,896511
29,5473
29,50503
29,8287
29,142049
29,22139.51
29,203933
29,6057
29,566516.66
29,30521.52
29,173619.06
29,57696
29,5078.64
29,27431
29,34878
29,27347
29,30208.2
29,84606.99
29,36200.65
29,280830.59
29,94801.17
29,199425
29,271929
29,31549
29,311613
29,42527.97
29,10345
29,1995
29,5549
29,16142.2
29,23262
29,40063
29,92138
29,285192
29,22498
29,35474
29,44044
29,14340
29,51629
29,30312
29,201729.5
29,170621.16
29,59150
29,884238
29,61217
29,15706.08
29,702568
29,23275
29,114345
29,277768
29,27781
29,15007
29,87956
29,131089
29,329518
29,332332
29,12375.84
29,85741.7
29,202500.22
29,55611
29,45390
29,319559.24
29,92459
29,40695
29,20276
29,21894
29,162803
29,48791
29,147048
29,74332.78
29,319571
29,181103
29,139579.78
29,27184
29,50648
29,181881
29,65941
29,77957.86
29,436444
29,13096
29,1099
29,113562
29,132486.91
29,90629
29,115216
29,14433
29,6055
29,476
29,3039
29,46428
29,26738.32
29,188278
29,44164
29,12187
29,1614406.75
29,34890
29,437890
29,14100
29,2901
29,75576
29,39779
29,75965.46
29,24707.36
29,29897
29,102405
29,60031
29,42397
29,96916
29,4567
29,69084
29,46670
29,135128
29,293335.48
29,33544
29,68606
29,3717
29,43290
29,26191
29,241551
29,9290
29,1619
29,11467
29,9084.81
29,5731.67
29,2496.23
29,257796.37
29,70802
29,15060
29,148495
29,16874
29,65108.39
29,187038
29,191408
29,196362
29,186692.01
29,78014
29,220313
29,56472
29,39585
29,29143
29,78685
29,1085
29,24089
29,247088
29,140459
29,65714
29,29945.23
29,122202
29,84409
29,127518
29,33248
29,149282.98
29,193942
29,8638
29,4298.47
29,32403.79
29,53820.91
29,1098295
29,44753
29,11664.6
37,490795
37,451651
37,27990
37,113316.4
37,229686.68
37,481260
37,160291.26
37,31179.15
37,29385.08
37,662390.31
37,648750.23
37,50648
37,526872
37,357743
37,7043.29
37,262168.61
37,96808
37,121897
37,127347
37,198599
37,59608
37,291213
37,457208
37,353580
37,202152
37,1761
37,150381
37,845480
37,593947
37,563707
37,113774
37,9507
37,469057.08
37,9141.71
37,11779.45
37,916532
37,1900.91
37,215854
37,199256
37,331987
37,51375
37,29187
37,148417
37,213737
37,337338.05
37,54572
37,577299
37,25801.66
37,211092
37,259055.83
37,898126.4
37,109257.88
37,124885.15
37,472185
37,297327
37,83722
37,247425
37,27899
37,119837.63
37,401917
37,1046
37,717853.65
37,577277
37,18096
37,168171.26
37,48201.14
37,205971.94
37,50680.41
37,712724.64
37,272921.54
37,239301
37,79580
37,48394
37,188474.1
37,73048
37,2133557
37,68787.44
37,113369.54
37,4315.5
37,44555.27
37,36147.97
37,1044996
37,12161
37,107119
37,426776
37,93021
37,610503
37,824561
37,476510
37,147529.58
37,84729.68
37,80434.79
37,431599.21
37,132952
37,420890.04
37,194144.73
37,100872.22
37,282792.25
37,331022.35
37,96786
37,649816.87
37,393919
37,151548.51
37,80539
37,39895
37,130025
37,1462
37,10220979
37,234191
37,50062
37,24837
37,80401
37,61534
37,1114
37,1963
37,906822.02
37,74532.77
37,594489
37,336218
37,90953
37,480303
37,122959.09
37,368021.98
37,151893.45
37,35193
37,312945
37,166640.53
37,457567
37,330012
37,25246
37,1433858
37,886291
37,595487
37,1034107
37,414512
37,639248
37,95733
37,93126.3
37,156504.25
37,124228.83
37,115232.89
37,37466.36
37,159276
37,42502
37,279376
37,824
37,28723
37,9435
37,121377.15
37,9908.25
37,88818.19
37,219530.93
37,196858
37,75545.71
37,270645
37,161219
37,99083
37,185340
37,42247
37,8324
37,117129
37,14642
37,26557
37,4284
37,36560.45
37,377055.34
37,25095.16
37,94391.19
37,169336.11
37,16089.24
37,12061.16
37,11179.88
37,35023.63
37,118518.45
37,62922.83
37,339752.18
37,75700.79
37,432148
37,174327
37,337719
37,370239
37,179605.96
37,21581
37,173409
37,64921.69
37,271891.36
37,73717.21
37,359053
37,259653
37,448489
37,111180
37,61835.39
37,64523
37,18428
37,51788
37,4261
37,689035
37,14788.93
37,66034.28
37,263906.08
37,165003
37,3066304.61
37,19211.53
37,62029.07
37,288441.6
37,52881.25
37,229181.25
37,75032.27
37,86682.35
37,53918.98
37,279841.55
37,109831
37,107314.84
37,17768.4
37,321270.59
37,110827
37,17388
37,89882
37,414938
37,209668
37,683730
37,530208.13
37,531973
37,300839
37,1108064
37,555887
37,146141.49
37,7315.66
37,16200.94
37,20759
37,133568
37,132463
37,26990.03
37,887604.28
37,199365
37,222367
37,415304.42
37,248117
37,905661
37,1781733.14
37,186004.5
37,256234
37,206784
37,19913.69
37,189560
37,268804
37,99306
37,116074
37,994416
37,0
37,276010
37,173560
37,561018
37,35822
37,475206.54
37,11401.08
37,262024.23
37,48136.35
37,293702.56
37,189205
37,67774
37,72186
37,599202
37,17427
37,318971
37,997137
37,380003
37,1329457
37,0
37,1009405
37,153534.7
37,325472
37,152543
37,26821
37,77964
37,16723
37,123262.52
37,762023.39
37,1141499
37,241914.08
37,55124
37,18498
37,44628
37,794465
37,12426
37,15751
37,29630
37,479159
37,108051.81
37,12826
37,126718.49
37,1496653.14
37,1660017
37,915482
37,8992
37,656534
37,141545
37,395600
37,107042.05
37,302005
37,50048
37,3420
37,93247
37,385242
37,19370.13
37,128214.73
37,357851.67
37,87580.74
37,463417
37,59480.85
37,48364
37,936809
37,130982
37,56214
37,82119
37,33099
37,17390
37,38473
37,49267
37,14613.45
37,574192.86
37,41988.64
37,84072.76
37,38179.84
37,169160
37,41631
37,0
37,124206.15
37,166189.27
37,74648.27
37,157212.56
37,113607
37,60854.86
37,109401
37,161994
37,476521
37,17540
37,291048.32
37,27880
37,91543
37,2401821
37,1223573
37,99028
37,115609
37,99095
37,60725
37,98830
37,479662
37,94966
37,17413
37,45966.8
37,32049.72
37,587558
37,280275
37,741832
37,997079.17
37,571126.55
37,6828.49
37,142164.61
37,125446.93
37,101283.89
37,660553.76
37,92467
37,352843
37,308218
37,577084
37,249034
37,36557
37,768274
37,29929
37,138670
37,195965
37,74185
37,93386
37,111185
37,1231437
37,272268
37,3182924
37,57163
37,69128
37,214639
37,97706
37,146838
37,188285
37,259719
37,85978
37,213283.11
37,121469.95
37,23451.44
37,28340.12
37,16084.76
37,13085.97
37,5923.6
37,44775.54
37,26514.3
37,345008.75
37,122473.73
37,55509.4
37,227461.54
37,1684905.02
37,48990.54
37,312896.21
37,390922.85
37,79923.51
37,9937.57
37,102001.75
37,36665.03
37,207347
37,206461
37,200375
37,422918
37,221415
37,245766
37,1601432
37,9177
37,49805.62
37,2370900.62
37,74025
37,166007
37,264229
37,7135.64
37,9566.66
37,405839.6
37,162425.19
37,6686.46
37,832621.31
37,51101.24
37,120335.42
37,187852
37,168279
37,868082
37,1013659
37,62740
37,146052
37,526616
37,1091007
37,1493034
37,2780767
37,1846953
37,38643
37,122171
37,13782
37,463359
37,18410
37,24016
37,452882
37,323961
37,115307
37,14338.79
37,43705
37,104317
37,325294
37,172069
37,36042
37,16142
37,395084
37,915886
37,229963.48
37,24009.7
37,80531.99
37,151611
37,54771.96
37,4404.04
37,4250
37,12333.02
37,6573.89
37,81524.28
37,11124.18
37,30982.75
37,18384.29
37,71717.78
37,127712
37,107491
37,31662
37,295801
37,233414
37,2927548.52
37,129380
37,52087
37,98475
37,47972
37,261788
37,1832183.69
37,74763
37,124240
37,89148
37,25936
37,106115
37,159695.82
37,24346.42
37,78773
37,19536.66
37,165100.4
37,427598.83
37,27855.48
37,13355.86
37,157358.28
37,13528.13
37,367526
37,57571
37,1064867
37,386579
37,423869
37,60181
37,247815
37,242249
37,210350
37,578822
37,161470
37,177306
37,1704824
37,643334
37,1018097
37,628061
37,506868.7
37,113362
37,5831
37,33952
37,112206
37,99721
37,18701.54
37,54152
37,12534
37,767624
37,4700
37,92321
37,67107
37,327446
37,9570.54
37,70558
37,66124.23
37,174487.39
37,245354.02
37,429141
37,431497
37,273515
37,454187
37,456810.22
37,687278.23
37,1807207
37,1038720
37,722833
37,399006
37,127349
37,833893
37,146470
37,1330311
37,258990.45
37,162141.58
37,126006
37,9283
37,32490
37,65981
37,50909
37,75832.84
37,43942.2
37,342562
37,437174
37,127614
37,1688835
37,53042
37,862532
37,51170.09
37,470874
37,61373.36
37,262420.06
37,205269.58
37,34408.92
37,34135.35
37,358082.33
37,144209.85
37,16901.06
37,97026.42
37,383816.85
37,347085
37,56162
37,105009.98
37,139110
37,424940
37,515012
37,422044
37,228461
37,176800
37,628810.84
37,720657
37,652606
37,302099
37,1254541
37,543362
37,485124
37,55339
37,219424
37,816964
37,818877
37,78398
37,224434
37,241931
37,622109
37,448687
37,60571
37,86333
37,152156
37,200281
37,158019
37,122706
37,255242.92
37,23614
37,453009
37,275581
37,419263
37,164509
37,183315
37,689834
37,56695
37,342805
37,220854
37,336218
37,43764
37,346887
37,70667
37,132614
37,213007
37,89436
37,6397.17
37,19971.27
37,599597
37,37736.29
37,9515.66
37,51519.38
37,64905.9
37,16590.86
37,31123.93
37,3689.75
37,322939.04
37,135313.1
37,77794.94
37,258471
37,106617
37,102549
37,46436
37,801250.63
37,90616.94
37,148967.6
37,166977
37,745822.09
37,206260
37,315256
37,581745
37,277321
37,416534
37,191694
37,24052.1
37,692761
37,302787
37,336041
37,167602
37,253237
37,298347.71
37,10564
37,237444
37,53528.85
37,186404
37,319642.33
37,16726
37,63291.84
37,170990.65
37,11685.43
37,163399
37,17986
37,162589
37,28936
37,23106
37,6836
37,110665
37,22934.58
37,37632.65
37,39646.86
37,52660.43
37,23507.45
37,122243.82
37,164812.24
37,159399.48
37,70891.17
37,8913.15
37,3954
37,57417.58
37,109139.35
37,81493.45
37,9820
37,52277.6
37,32118.93
37,54313.16
37,26136.32
37,35704.15
37,100208.06
37,32755
37,54823
37,207731.03
37,413055
37,64979
37,618180
37,660112
37,157132
37,125599
37,512054
37,117780.71
37,408017.61
37,649996
37,114098.57
37,891235.91
37,67596.66
37,146963
37,79844
37,1183420.34
37,68803.5
37,992770
37,247819
37,165631
37,105330
37,371291
37,46991.76
37,526288
37,184571
37,69023
37,40556
37,26193
37,34814
37,97538
37,13098
37,104767.88
37,130787
37,1546.29
37,86203
37,112118
37,57862
37,111112
37,40807
37,34037
37,176179
37,6341
37,112048
37,1447946
37,114633
37,59814
37,84554
37,124074
37,96292
37,102786.93
37,39142.88
37,12696
37,36448.96
37,121732.9
37,19977.91
37,3157.45
37,75024.06
37,89511.26
37,4449.82
37,35391.29
37,55575
37,91186.52
37,1141923.36
37,230623.35
37,15440.68
37,363087
37,37462
37,18195
37,113039.8
37,330096
37,56600
37,201633
37,196452
37,703585
37,47657
37,16482
37,346251
37,420770.03
37,166638.14
37,120936.6
37,173226
37,57482.26
37,468418
37,99957
37,126657
37,234128
37,34176
37,113711
37,74398
37,22395
37,48370.11
37,12377
37,90586
37,152554
37,17288
37,211061.58
37,125178.26
37,148825
37,19361
37,45912
37,294761
37,156026.04
37,210338
37,158727.97
37,9358.28
37,210978.28
37,17440
37,42609.47
37,83559.58
37,10956
37,116364
37,87353
37,42393
37,19695
37,49964
37,125249
37,2602
37,63971
37,37284
37,60594
37,23023
37,111807
37,37990
37,35737
37,30343.06
37,15136.66
37,16631.43
37,136859
37,9419
37,62683
37,10900
37,19872
37,5663
37,18102
37,59356
37,32840
37,30373
37,23422.15
37,61051.86
37,16751.91
37,73571.26
37,2327.55
37,296120.68
37,89242.83
37,27939.36
37,21936.1
37,136404
37,138334.38
37,4238
37,98005.43
37,1116701.64
37,655091.4
37,605385.22
37,957172.99
37,666359.56
37,741798.93
37,796056.34
37,168251.93
37,185280
37,408792
37,449790
37,189301
37,276986
37,110818
37,204322
37,333367.24
37,94276.88
37,53777.89
37,147275
37,193392
37,61006
37,170219
37,55908.21
37,149600
37,1966
37,160113
37,513056
37,21034
37,402137
37,92475.29
37,100993
37,4872
37,11305
37,85737
37,297406.61
37,31177.67
37,147141
37,135140.6
37,5393.54
37,94230.05
37,7132.93
37,70922.02
37,1029600.54
37,37600.04
37,11749
37,384590
37,107145
37,31240
37,19485
37,146577
37,184545
37,150312
37,52462
37,36185.87
37,30095
37,7541
37,262957
37,28641
37,79506
37,115542
37,105610
37,48227.12
37,37067
37,70430
37,61239
37,1046750
37,157909
37,54409
37,101285.8
37,25757.41
37,32379.26
37,13589.96
37,48382.37
37,217681.31
37,1016213
37,7670.03
37,862.62
37,17256.26
37,27942.35
37,76991.7
37,9122
37,567902.52
37,374548.5
37,171112.5
37,686173
37,244125
37,419762.85
37,549542.11
37,207377
37,109383.16
37,29987
37,1092775
37,46546
37,1162670
37,747448
37,185115
37,825310
37,659373
37,809109
37,862046
37,346486
37,974670.59
37,903972
37,75546
37,10842
37,886422
37,551362
37,324159.18
37,403940
37,428894.26
37,283582
37,41856
37,73213.78
37,51308.99
37,1798671
37,21318.17
37,295229
37,642609
37,189976
37,1722974
37,686909
37,69950
37,77647
37,15568
37,147948
37,59908.58
37,1201406
37,655465
37,16639
37,110704
37,11803
37,127669
37,54540
37,198943
37,410349
37,135777
37,612522.15
37,384360
37,149677
37,144710
37,463122
37,1050707
37,99336
37,103040
37,56073
37,198274
37,2127
37,334651
37,2288.99
37,724846
37,19765.77
37,144850
37,95244
37,25798
37,527771
37,400572
37,0
37,13902
37,333527
37,250055
37,525185
37,185361
37,49209
37,368436
37,472485
37,48749
37,316442
37,91982.87
37,10183.97
37,67605.82
37,95473.74
37,19200.62
37,50003.07
37,38598.32
37,231672.9
37,172458
37,735062
37,59688
37,158042.81
37,837342.7
37,676371.73
37,7352
37,659086
37,349300
37,97715.07
37,42620
37,435505
37,333476
37,19823
37,10996
37,77674
37,53052
37,193205
37,28550
37,560882
37,536295
37,264600
37,235893
37,102813
37,230330
37,148567
37,112821
37,238207
37,323817
37,376438
37,166409
37,24414
37,61120.24
37,15612
37,72183.09
37,22631
37,23231
37,47274
37,55794
37,3973.71
37,122705
37,240695
37,60342
37,29742
37,311069.16
38,512215
38,14150.89
38,22733
38,124537.89
38,212797.45
38,113698
38,515994.16
38,93564
38,365957.24
38,104689.13
38,519037
38,283494.09
38,13179.5
38,1283339
38,435997.66
38,595693.62
38,281733.99
38,143706
38,134766.07
38,101696
38,2326289.44
38,169175.8
38,46982
38,59041
38,1283962.01
38,489545
38,83480
38,39674.66
38,51486
38,129547.47
38,33959
38,340580.61
38,7973
38,390611
38,492509.53
38,592110
38,845373
38,158159
38,73146
38,26201
38,35971
38,46609
38,912394.41
38,11017
38,1084.61
38,375265
38,287414
38,56410
38,6861
38,106071
38,35369.62
38,30543
38,272872
38,92248
38,159334
38,72518
38,515441.13
38,155442.79
38,311799
38,2190217
38,465563
38,9823
38,61915.02
38,166981
38,61733
38,199974.52
38,264602.22
38,78330
38,77038
38,59148.14
38,56114
38,121940
38,18312
38,469456.48
38,142981.8
38,116766.46
38,503421.8
38,143974.49
38,1957580.96
38,393515.64
38,248616
38,55126
38,168823
38,255522
38,251033
38,79958
38,23357
38,4756
38,25743
38,205406
38,213569
38,35592
38,446085.49
38,124603
38,26717
38,40983.33
38,791463
38,71177
38,456033
38,627687
38,127015
38,62805
38,214687
38,322830
38,33609
38,254028
38,65208.05
38,227264
38,85931
38,158948.52
38,3264
38,998591
38,170620
38,294862
39,275815.42
39,329302.54
39,867334.65
39,398859
39,104887.83
39,255512.61
39,515411.07
39,106095
39,165343
39,95578.98
39,302303.48
39,447847.38
39,25650.19
39,8439
39,297619.45
39,1040384.4
39,602079.37
39,383702.43
39,191287.98
39,72354.4
39,50039.11
39,268334.27
39,257872.7
39,37798.07
39,77047.9
39,310679.84
39,709995.2
39,398125.99
39,36713.07
39,160058.37
39,416305.49
39,398597.3
39,199104
39,8833
39,394631
39,59071
39,6510
39,65705.69
39,532226.72
39,138895
39,12023.82
39,564279
39,292471
39,77
39,104604.64
39,214333
39,114558
39,105412
39,355112.75
39,462856
39,166962
39,571827
39,170306
39,2779
39,133129.43
39,80248.55
39,373006
39,269465
39,232994
39,77223
39,954264.69
39,57773
39,180175.47
39,183592.29
39,676415.99
39,200728.88
39,357861.37
39,461512.34
39,88344
39,871891.67
39,114219.99
39,42320.23
39,86226.95
39,554542.54
39,510992.63
39,253075
39,36937
39,97488
39,237171
39,239609
39,222507.36
39,238857
39,86377
39,194100.87
39,1015533
39,1106322
39,241961
39,744120.16
39,42140.04
39,5667.5
39,261016.41
39,249002
39,44969.45
39,100265
39,458731.92
39,24159
39,207262
39,77294.85
39,338330
39,23235.81
39,171990.12
39,226111
39,855.41
39,213472.92
39,1678
39,186134
39,1030433
39,133933.45
39,947039.04
39,95939.67
39,286016
39,401597.34
39,6867.87
39,17212
39,128686.87
39,13596
39,48929
39,451739
39,20204
39,169045
39,59946
39,272026
39,160918
39,75323.93
39,251866
39,0
39,21472.77
39,26578.51
39,70714.18
39,292119
39,224510
39,138401
39,166134.31
39,732701
39,55792
39,126487.05
39,190272.99
39,54686
39,311572
39,469205.85
39,869650.85
39,860330.41
39,128858.97
39,205859.41
39,256921.2
39,27985.04
39,10725.02
39,71736.09
39,900569.47
39,82429.58
39,634415.25
39,306533
39,31795.24
39,563273
39,42922
39,183477
39,7914.41
39,357273
39,102968
39,232620
39,15438.01
39,61339.96
39,325058.51
39,38483
39,53035.58
39,60721
39,142982
39,112119.29
39,119834
39,337341
39,709753.12
39,115001
39,1200676
39,0
39,98644.42
39,413484.08
39,141614.44
39,1176648
39,112620
39,104953
39,11156
39,265873.27
39,220439.35
39,245890.52
39,48996.55
39,223954.52
39,309937
39,50578
39,438766
39,63819.91
39,175433.36
39,1861106
39,42446
39,1860
39,62338
39,110692
39,74327
39,225255.3
39,320393
39,413716
39,45368.8
39,36015.94
39,40457.71
39,10891.09
39,245057
39,8993
39,507058.45
39,125112
39,44962
39,60138
39,160043
39,452461
39,338615
39,358887
39,13112
39,28994.07
39,27332.05
39,138577.68
39,200077
39,20100.31
39,82885.76
39,25537.9
39,54835.12
39,25228
39,472093
39,287631
39,93686
39,84053
39,7245
39,207337
39,831746.11
39,167871.8
39,49676
39,730133
39,50635
39,718082.4
39,116460.67
39,71953
39,12560.35
39,29837.52
39,27365.44
39,69816
39,11170.69
39,11130
39,79482
39,11053.59
39,294913
39,9905
39,262528.87
39,82231
39,157968.65
39,280912.7
39,63020.06
39,142443.87
39,36767
39,73967.92
39,49860.36
39,128895
39,260175
39,1442
39,73421
39,11263
39,341266
39,78364
39,71810
39,263
39,30821
39,85439.77
39,224800.06
39,57773
39,148853.02
39,160153.07
39,1751.75
39,334436.52
39,0
39,83167.94
39,88012.52
39,242630
39,433685
39,22611
39,20051.54
39,111886.21
39,332414.19
39,153564.49
39,40145
39,2050
39,76007
39,5159.49
39,179955.93
39,150064
39,16517
39,15395
39,179374
39,518081
39,246973
39,104294.13
39,135567.2
39,217483
39,146107
39,279116
39,21633
39,287195.2
39,25989
39,24076.33
39,77967
39,4608.9
39,490623.06
39,367149
39,55094.34
39,354814
39,282625
39,166479
39,108866
39,443511
39,784008.44
39,19026
39,22701
39,580673.41
39,80722
39,755809
39,134330
39,109759
39,414375
39,7340
39,92122
39,5646.47
39,18053.22
39,370526
39,131253
39,49061
39,34690
39,175634
39,48745
39,90988
39,77855
39,304712
39,145654
39,12413.4
39,165434.93
39,185101.45
39,155500.6
39,48476
39,37886.18
39,6485.84
39,39038.99
39,96786.99
39,113319.31
39,76057.64
39,42613
39,48313
39,192487
39,196770
39,90325.28
39,347471.51
39,798809.68
39,25617.11
39,45684.12
39,90175.05
39,675780
39,74729
39,189592
39,396596
39,130281.55
39,13660
39,63424
39,124388
39,66245
39,54846
39,72335
39,9440.08
39,150578
39,68071
39,123088
39,78351
45,156607
45,135955
45,27093
45,26335
45,27962
45,372576.98
45,313729
45,124600
45,49418.58
45,457148
45,52315.72
45,71488.92
45,5844
45,1872
45,123486
45,778595
45,294317.95
45,418496
45,22470
45,4978
45,28759.48
45,64967
45,26360
45,266518
45,57703.98
45,939130
45,406978.91
45,119574.42
45,704496.58
45,14546
45,827750
45,119113.49
45,63696
45,369945
45,8285
45,654747
45,46892
45,199974.56
45,202546.06
45,150713
45,55626
45,281546.76
45,25345
45,101283.97
45,100035
45,124477.21
45,122015.51
45,121856
45,3008
45,312070.34
45,154646
45,304738
45,502835.22
45,364721.32
45,151069.68
45,830176
45,80004
45,38172
45,250543
45,201008
45,91549
45,252371
45,115330.25
45,438320.38
45,234021
45,377080
45,219291
45,87478
45,611265
45,257526
45,376203.17
45,48767.09
45,300237.72
45,416409.91
45,272761
45,1462922.36
45,734982.9
45,211695.13
45,450162.76
45,332071
45,467798
45,241729
45,409939
45,444316
45,38905.93
45,167470.83
45,248208
45,849952
45,41310
45,287876.29
45,322788
45,910725
45,33261
45,140105
45,464347
45,579853
45,268248
45,328498.15
45,198089.7
45,456467
45,224541
45,43059.76
45,604096.81
45,206909
45,90776
45,410822.62
45,693831
45,278764
45,943449.25
45,170996
45,92521.77
45,281357.3
45,319297
45,187364
45,375678
45,45506
45,488704
45,211346.49
45,20292
45,507882
45,686207
45,533601
45,432191
45,716274
45,678623
45,31955.44
45,404984
45,459891
45,358115.73
45,65676
45,58985
45,229349.37
45,75803
45,57973
45,558525
45,350049
45,70899
45,95132
45,1183369.49
45,170397
45,113825
45,20266
45,278546
45,238141
45,138124
45,209706
45,160155
45,159201.25
45,147063
45,268830
45,315934
45,605705.01
45,114369
45,263413
45,545647
45,289066
45,14353
45,20584.35
45,781167
45,194793
45,296297.1
45,638750
45,578582
45,92040.89
45,554424
45,439016
45,108984
45,543915
45,379268
45,324041.81
45,496279
45,568570
45,381931
45,165734.41
45,93584.21
45,419850
45,689684
45,460386.86
45,156965
45,778609
45,368563
45,299884
45,161583
45,120078
45,183937.42
45,208159.61
45,185798
45,197281
45,351276
45,370030
45,149766
45,109819.7
45,425003
45,252486
45,236442
45,340691
45,311001
45,403270
45,276021
45,1090550.26
45,290858
45,31864
45,256853
45,341766
45,188642.82
45,975973
45,197687.84
45,59699
45,926786
45,385808.69
45,224343
45,1008677
45,45181
45,81504
45,236100.73
45,261244.29
45,61382.56
45,627479
45,10645
45,72106.98
45,498896
45,212765
45,277084
45,211977
45,362598
45,102887
45,48034.9
45,476965.79
45,183409
45,580456
45,644949
45,25221.77
45,181567
45,401294.67
45,591174
45,279796
45,439033.14
45,41554
45,619597.17
45,234646.41
45,45300
45,50861
45,22933.69
45,344904
45,94162
45,453865.84
45,139597
45,8549.68
45,401295
45,734915
45,422970
45,504227
45,390964
45,282209
45,88457
45,21987
45,456433
45,257979
45,119314
45,243510
45,23164.56
45,1788.6
45,387245.75
45,191417
45,10352
45,361883
45,105914
45,603444
45,11629
45,96193
45,941279.57
45,284773.53
45,401576.05
45,375079
45,616178
45,5759.34
45,53990
45,313418
45,7746.97
45,135006
45,64261
45,103654
45,622120.31
45,54423
45,78721
45,79851
45,103690.94
45,391581
45,149353.1
45,948241
45,163708
45,190465
45,305630
45,207235
45,438423
45,253149
45,103142.92
45,624368.36
45,315304.43
45,223023
45,217517
45,34019
45,645875
45,81932
45,5398.08
45,171375
45,13161
45,471044
45,174816
45,113069.5
45,667487
45,378216
45,703288.82
45,61861
45,319687.4
45,714221.45
45,189760
45,62159
45,1084450
45,631657
45,37247
45,327555
45,212035.83
45,482681
45,491777
45,129193.43
45,343702
45,277326.21
45,133889
45,3599
45,134820.03
45,80829
45,177928
45,24777
45,159502
45,237217
45,971945
45,189817
45,50707
45,149745
45,323292
45,260725
45,82984
45,226739.4
45,138608.23
45,472708
45,258103
45,829040
45,906636
45,68439
45,267301
45,343385
45,250527
45,83822
45,452025
45,346382
45,688608
45,390648.17
45,208274
45,90479
45,484661
45,37934
45,188145
45,165965.35
45,498190
45,6990
45,63601
45,1201409
45,242433.18
45,205126
45,138156.61
45,270161
45,2171508
45,254736.49
45,67287
45,150058.17
45,47575.53
45,289957
45,1301
45,24356.89
45,149384
45,239395
45,33197
45,221386
45,673468
45,404130
45,188876
45,657013.2
45,336896.05
45,483470
45,702853
45,122885
45,86036
45,311126
45,144829
45,9096.57
45,133829
45,155391
45,326954.06
45,202582
45,107809
45,142876
45,243839
45,166306
45,156890
45,153486.66
45,633248
45,99654
45,7062
45,66041
45,156382.54
45,19107.81
45,226569.41
45,388802
45,118501
45,6919.31
45,184886.62
45,379166.3
45,177649
45,107813.45
45,227447
45,46589
45,16156
45,170472.97
45,201857
45,68850.69
45,278912.39
45,203505.53
45,6606
45,463682.46
45,104118
45,1041677
45,404498
45,536301
45,151859
45,60689.98
45,267998
45,108721
45,157073.16
45,384382
45,637909.38
45,178028.16
45,628196
45,185213
45,62865
45,183339
45,1051531
45,992825
45,863568
45,143313
45,178383
45,132400
45,35194
45,125057
45,223673.92
45,61256
45,223689
45,315067
45,219328
45,246990
45,463751
45,153085.45
45,63984
45,54575.14
45,1042519.19
45,98237
45,22348
45,189493.72
45,3208
45,121800
45,175616.9
45,52691.72
45,101946
45,168546
45,334825
45,301244
45,150499
45,221226
45,269269.54
45,29747
45,257052.37
45,172820
45,633089
45,68771
45,51236
45,122374
45,227054
45,368465
45,411911
45,269843.73
45,36673
45,3959.84
45,41997
45,384988.03
45,49508.64
45,47236
45,879956
45,62419.18
45,130017.92
45,267666.14
45,253135
45,101613
45,199797
45,89999
45,524375
45,21115.25
45,4078
45,169873.94
45,372118
45,77042
45,162007
45,139697
45,704052
45,353976
45,256980
45,511489
45,32978
45,37645.45
45,277721
45,360351
45,521701
45,103365.43
45,488720.15
45,93067.32
45,225507
45,152285
45,164199.82
45,335096
45,621957
45,203003
45,470963
45,403708
45,95391
45,198132.54
45,38859.48
45,186718.32
45,85511.87
45,149389.38
45,407251.2
45,248854.13
45,407102
45,142120
45,169784
45,128091
45,216773
45,96476
45,38011
45,79892
45,373553
45,93892.15
45,10522
45,250410
45,328798
45,96195
45,67886
45,275042
45,4233.2
45,447006
45,70017
45,227962
45,109789
45,86511
45,202270
45,197981
45,301975
45,191587
45,521326
45,171448
45,1789301
45,128164
45,518899
45,880956
45,130043
45,1053688
45,283524
45,262666
45,0
45,3585.53
45,571390
45,32661.88
45,143463
45,183375.06
45,76638.13
45,384000
45,269829
45,216567.51
45,68485
45,310788
45,51317.35
45,338980.43
45,104523
45,535947
45,83579
45,229434
45,462851.43
45,419678
45,271246
45,584486
45,251900.54
45,31201
45,216461
45,145238
45,287960
45,332372
45,125984
45,614492
45,309985
45,1368128
45,580732
45,89023
45,162721
45,158512.94
45,111648
45,282698
45,179730
45,61070.35
45,95884
45,124501
45,141922
45,186831
45,26760
45,82621
45,341772
45,84778
45,754853
45,484293.31
45,6614.51
45,4536.07
45,29836
45,337672.77
45,121442.6
45,211161
45,68368
45,960328
45,124398
45,159497
45,559882
45,429336
45,141060
45,120406
45,124991
45,182050.02
45,38798
45,169319
45,208546
45,36185
45,17429
45,727460
45,56008
45,75539.85
45,1008954
45,238908
45,398275
45,291089
45,295284.49
45,223172
45,58540.19
45,135481.11
45,60404
45,251064
45,2584
45,519469
45,285235
45,354895
45,282965
45,203290
45,54792
45,296263
45,561894
45,235022.58
45,229525.77
45,28920.76
45,627255
45,29731
45,211032.17
45,377274
45,319482.9
45,49512
45,101950.65
45,206790
45,2368129.41
45,465609.32
45,38042.38
45,22764.4
45,788050
45,145563
45,437811
45,117699
45,664272
45,271394
45,944211
45,143488
45,103697.25
45,12877
45,371729
45,30268
45,141214.86
45,53713
45,253800.06
45,230115.39
45,85377
45,91619.03
45,68727.2
45,59880
45,249333
45,186521
45,248696
45,200727
45,1631570
45,544138
45,101572
45,365742
45,21144
45,161827
45,159397
45,428425.16
45,32641.5
45,194718.53
45,925867.14
45,173112.47
45,237174.21
45,12901
45,319536
45,111244.43
45,136516
45,1056336
45,702132
45,198297
45,904700
45,343875
45,220476
45,424521
45,87492
45,1435387
45,42406
45,32592.06
45,334438.27
45,206094
45,535404
45,256967
45,36526
45,35756
45,209018
45,123701
45,426443
45,780646.08
45,274452
45,308569
45,220484
45,686820
45,433699
45,38192.33
45,170193
45,374049
45,216699
45,469319
45,247056
45,127156
45,591220
45,649538
45,293041
45,300238
45,196022
45,177466
45,90538.41
45,363541.03
45,305126
45,35535
45,4317.45
45,15799.04
45,449931
45,273772
45,495899
45,303323
45,304369
45,231243.09
45,29933
45,71674
45,434343
45,44367
45,69541
45,428505
45,264913
45,252564
45,171641
45,872684
45,2856389
45,839930
45,290947
45,695848.7
45,275905
45,216464
45,209062
45,205127
45,280177
45,434775
45,495686
45,312566
45,94370
45,958170
45,360955
45,161780
45,238071
45,589507
45,246141.06
45,168996.69
45,153725.07
45,131571.25
45,318614.7
45,134496
45,166946.85
45,169592.12
45,85436.67
45,343065
45,169533
45,92994
45,336556
45,329207
45,166977
45,303596
45,16683.7
45,1140885
45,12151
45,617964
45,113988
45,906807
45,279157
45,73086
45,42524
45,637581
45,300688
45,645447
45,275418
45,46923
45,141902
45,176394
45,113527
45,89327.73
45,33824
45,225200
45,263495
45,185413
45,239260.11
45,56573.72
45,319315.79
45,463052.23
45,398499.13
45,169022.62
45,107504.05
45,947886.46
45,327684
45,323982.76
45,175381
45,57159
45,255334
45,387755
45,1402802
45,356828
45,505038
45,255323
45,263261
45,359356
45,155711
45,59274
45,478832
45,109484.16
45,49841.19
45,267891.52
45,44748.86
45,85797
45,617600
45,206606
45,620568
45,329345
45,15865.14
45,537242
45,86428.12
45,24019
45,86657.27
45,273706.58
45,444480.18
45,105246
45,237168
45,5034
45,103553
45,237467
45,26089
45,410698
45,172310.22
45,389771.43
45,144195
46,64034.6
46,47268.11
46,102483
46,174439
46,198041.11
46,190901
46,560471
46,380468
46,473651.94
46,58538
46,56326
46,206271.09
46,38692.05
46,13178
46,31906
46,144208.03
46,347549
46,36986.1
46,77460.97
46,98392.6
46,1492
46,26841.5
46,54318.77
46,175367
46,105941
46,280056
46,134561
46,124348.33
46,46327
46,105557
46,94117.99
46,98040.44
46,147987.08
46,42423
46,176456
46,123374
46,2635
46,36359.98
46,25036
46,0
46,22070
46,22970.76
46,49423
46,1602
46,65635
46,51299.01
46,4606
46,20841.6
46,1423
46,370481
46,50612
46,81818.92
46,46056.9
46,161049.19
46,203094
46,92399
46,76480
46,9294
46,518664
46,11396.34
46,141678
46,24260.64
46,71142
46,1314770
46,12633
46,194667
46,313082
46,170321
46,298513.99
46,75248
46,19941
46,55863.25
46,43400
46,4920
46,191443
46,182713
46,165562
46,167853.7
46,61728
46,15281.75
46,305100
46,107761
46,253136
46,667168
46,443073
46,820698
46,83680
46,31506
46,82370.2
46,167846
46,475792.37
46,66123.69
46,197748
46,368248
46,77346
46,1451488.48
46,4790
46,302081
46,3783
46,208761.55
46,408963
46,117067
46,197723
46,85636
46,201571.75
46,107116
46,9845.31
46,149254.46
46,113459
46,252644
46,148472
46,146512.52
46,158938
46,235432.26
46,32676.31
46,31748.22
46,175912.19
46,77037
46,82101
46,11786
46,117835
46,5481.76
46,9003
46,20322
46,173962.64
46,151092
46,87829.07
46,83284.49
46,24436.27
46,89876
46,151229.19
46,35499.78
46,19754
46,6289
46,618590
46,63732
46,268085
46,107057
46,296877
46,97335
46,42499.02
46,218860
46,875896
46,687642
46,184989.31
46,60737
46,233620.97
46,480965
46,21096
46,58253
46,93250.34
46,42079.6
46,56603.78
46,229118.67
46,542266
46,38519
46,68651
46,130396
46,419139
46,83680.72
46,42829.43
46,95301
46,9441
46,253763.69
46,15933.84
46,7549.05
46,127918
46,226769.38
46,57390.79
46,94645.49
46,153508.25
46,310154.58
46,317266.29
46,303925.62
46,301729
46,43586
46,321815.75
46,77527
46,99626
46,86107
46,88746
46,56680
46,258974
46,139281
46,49906.29
46,13138.47
46,24271.06
46,19897.78
46,73453.67
46,232827.6
46,170921.62
46,291431.57
46,350155.93
46,1311.03
46,549618.6
46,46114.23
46,76949
46,297247
46,355586
46,412114
46,228788
46,412488.57
46,98019.9
46,96956
46,226804
46,42635.87
46,16091.81
46,88930.66
46,71410.43
46,113563
46,271825.23
46,434532.57
46,209015
46,208824
46,5992
46,18461
46,86812
46,236270
46,1813.12
46,1361.78
46,42920.14
46,179424.23
46,19666.54
46,132263
46,132695.47
46,7814.87
46,184931
46,261754.7
46,213667.46
46,246986.71
46,68579
46,217758.5
46,343037
46,21564.52
46,139421
46,267943
46,201889
46,188368
46,270224
46,73453
46,196224.24
46,588
46,0
46,18508
46,10301
46,415217
46,274390
46,201099.14
46,35978
46,4137
46,7606
46,250629
46,2108
46,77502
46,194657
46,60918
46,44377
46,86448
46,83514.57
46,13982
46,304722.4
46,91495
46,466552
46,197166.62
46,190865.91
46,30100.04
46,101564
46,57818
46,0
46,143736
46,238320.74
46,144727
46,82293.94
46,244775
46,112216
46,131639
46,35953.14
46,189121.59
46,97555
46,207221
46,282223
46,87234
46,4968
46,324653
46,110525.23
46,115391.49
46,381927
46,89979
46,17115.95
46,132844
46,68436.51
46,74427
46,36059.08
46,19536
46,454316.94
46,192138
46,136542.23
46,33796.26
46,110199
46,77536.88
46,210552.29
46,106645
46,79693
46,19566
46,399005.5
46,151515.53
46,26560.34
46,161343
46,137395.65
46,409070.17
46,161452
46,57117
46,188988
46,76395
46,230383
46,107663
46,57095
46,77013
46,111848
46,3378
46,67043
46,6422
46,200162
46,124172.67
46,7129.83
46,153531
46,219059
46,213327.63
46,366279.5
46,64178.51
46,8320.95
46,124138.98
46,212656.99
46,240902
46,298143.24
46,50265
46,18246
46,249230
46,118283.44
46,668745
46,36670.16
46,257280
46,100750
46,54404
46,73337
46,38047
46,14577
46,11705
46,221493
46,41658
46,115787
46,68374
46,12215.37
46,332545.13
46,31537.66
46,209238.75
46,123537.79
46,147613
46,476497.66
46,141787
46,33910.04
46,137313.65
46,156540.63
46,19022.14
46,192473
46,148641
46,22458
46,54268
46,101645
46,34065
46,153744
46,624811
46,155598.78
46,67281.11
46,12736.97
46,128595
46,117381.08
46,49045
46,350595.95
46,274535
46,10708
46,41558.07
46,215144.41
46,73887.09
46,90176.6
46,267947
46,79387.93
46,18827
46,124561
46,238616
46,26169.54
46,10094
46,70244
46,240819.37
46,125858
46,22175.65
46,10788.48
46,265017.15
46,10139.94
46,24332.91
46,53312.38
46,245598
46,107606.03
46,162164.09
46,223245
46,83391
46,120774
46,12165.17
46,20649
46,148275
46,87262
46,113271.86
46,54512.78
46,160963.25
46,89801.58
46,272033.16
46,97278
46,118312
46,51353
46,63415.15
46,164522
46,151388
46,274925.22
46,25372.39
46,46610.97
46,675429
46,21707
46,126870
46,22232
46,92898
46,169207
46,123914
46,41561.29
46,30338
46,4282
46,141459.01
46,106777.6
46,333678
46,26080
46,44811
46,169380
46,208574
46,10863
46,28532
46,54379
46,426251.12
46,146569
46,22557
46,310210
46,93889
46,36153
46,214008.11
46,140288
46,229061.02
46,76880
46,343283
46,110927
46,126643.49
46,59698.71
46,36743
46,128972
46,424785
46,134968.96
46,29931
46,194602.22
46,3073.55
46,173469
46,94992.26
46,143802.43
46,419440.41
46,148466.11
46,506871
46,438125
46,71400
46,149669
46,39782
46,190085
46,227606.27
46,338008.81
46,89085.14
46,32773.48
46,58432.74
46,228743.96
46,166100.65
46,83138
46,140430.13
46,5751
46,845138
46,489871
46,71114
46,87973
46,192029
46,71764
46,100366
46,67579
46,245539.29
46,63097
46,3995
46,718558
46,123169.23
46,213241.32
46,97436.37
46,21069.23
46,212871
46,79507.58
46,95371.23
46,26089.4
46,299332.43
46,41926
46,90643
46,244023
46,109802
46,62197
46,41710
46,227227
46,178423
46,208918.52
46,91682.14
46,213940
46,112944
46,27006
46,337812
46,211404
46,186411
46,113216
46,287037
46,111706
46,160951
46,102087.31
46,54308.97
46,68621
46,46256
46,124695
46,6833
46,39235.09
46,97293.8
46,74920.67
46,76229.5
46,111149.32
46,271384.22
46,131930.38
46,149271.02
46,134065.19
46,77092.89
46,64904.97
46,996783
46,37203
46,3165
46,740127
46,108383.61
46,41375
46,192835
46,17337
46,288792
46,15974
46,205472
46,621222
46,116235
46,42898.97
46,178907
46,192816
46,50844
46,358227
46,24366.51
46,4268
46,153172.27
46,106469
46,283599
46,141645
46,19816.47
46,268206.23
46,41004.28
46,115141.41
46,68241.93
46,47377.33
46,116887.57
46,318969.09
46,216337
46,507463.74
46,316270
46,107080
46,685576
46,188689
46,161543
46,210281
46,166632
46,145566
46,494011
46,24384.41
46,128599
46,326314
46,43209.09
46,55979.74
46,208605.77
46,330720.77
46,198755.12
46,77962.7
46,221513
46,60404.25
46,3410.2
46,46711.46
46,37569.38
46,974
46,34631
46,195790.77
46,277187
46,2596
46,130621
46,150
46,15631
46,173136
46,63085
46,33889.13
46,6366
46,218880.69
46,108684.02
46,6275.83
46,37088.13
46,221618.99
46,97350.33
46,60068.05
46,76181.17
46,146478.11
46,312997
46,292260.18
46,137947.49
46,765179
46,356801
46,636334.29
46,316603
46,159410.36
46,99877.22
46,32263.34
46,180201.07
46,2208
46,69974.65
46,85638
46,170895
46,220375
46,15652
46,73888
46,718064
46,36700.82
46,148703
46,2204
46,91746
46,56955
46,66512.35
46,163341
46,87754.9
46,32966.24
46,193389
46,120313.31
46,66463.6
46,22566.44
46,322258
46,108619
46,118032
46,30266
46,123790
46,969137
46,148839
46,64775
46,36263
46,39962
46,186376.43
46,312527.93
46,17825
46,57920
46,96020.73
46,307558
46,60661
46,1546
46,323779
46,146862
46,42689
46,3086.99
46,182136.94
46,278217.87
46,159929.72
46,60133
46,71801
46,169750.15
46,94020
46,106707
46,13740
46,102337
46,101077
46,284885
46,126656
46,72929
46,11207
46,25895
46,75599.09
46,13308.17
46,67974.36
46,294749
46,145269.31
46,42875.76
46,683373
47,520492
47,146876.84
47,118154
47,262453.7
47,158823
47,45560
47,271695
47,805327.5
47,1088813
47,173061
47,4766.06
47,156306.45
47,654981
47,432843
47,737771
47,2466589
47,37814
47,159473
47,320563.69
47,219157
47,122481.42
47,447599
47,559209
47,710191
47,247233.35
47,345938
47,119107
47,19952.48
47,199930
47,497184.04
47,204590
47,243226.81
47,394444
47,304488.11
47,214015.35
47,106026
47,1040522
47,240916
47,417352
47,326669.37
47,200085
47,297249
47,406280.16
47,942641.79
47,7264
47,348564.14
47,17364
47,290427.36
47,71253
47,424526
47,267037
47,62516
47,841452
47,284445.9
47,188035.81
47,474800.99
47,477538.26
47,486303.84
47,120672
47,38694.42
47,75259
47,298799
47,180732
47,301725
47,350699
47,81779.74
47,2405
47,291673
47,460017
47,371001
47,327557
47,172665.18
47,86228.08
47,427175.27
47,337344.82
47,603815
47,94902.81
47,969565.3
47,87169
47,200458.55
47,587794.3
47,376246
47,171307
47,3649.09
47,257876
47,711745.16
47,213250
47,194535.37
47,0
47,326404
47,177575
47,220733
47,263012
47,66219
47,51530
47,94298
47,64318.92
47,317368
47,13195
47,266862
47,311904
47,283197
47,60670.43
47,434693
47,396058.7
47,460541.44
47,31309
47,24763
47,52757.06
47,293837
47,224502
47,37907
47,23986
47,137951
47,137241
47,226580
47,122462.4
47,903647
47,224560.16
47,41809
47,216773.68
47,300662.3
47,502162
47,101606.42
47,384223
47,299157
47,480592.45
47,174540.18
47,112833.09
47,160546.03
47,92249.17
47,357645
47,317394.95
47,76771
47,93751
47,253611
47,1028186
47,418373
47,297701.35
47,113864.5
47,641389.69
47,109913
47,188323.9
47,229847
47,100445.2
47,297783.87
47,224651.53
47,214615.21
47,445722
47,387311
47,371418
47,273175
47,339610
47,253514
47,366078
47,703255
47,450629
47,196760.35
47,69231.8
47,281004.42
47,863318
47,1015800
47,746693
47,222496
47,512676
47,196448.8
47,144345
47,280981.24
47,193033.38
47,53317.61
47,399493.94
47,240055
47,764704
47,244926
47,117359
47,392185
47,80527
47,207407
47,585627
47,470004
47,127126
47,514790
47,240437.21
47,44497.52
47,131925.64
47,290497
47,147961
47,196727
47,73609
47,410833.23
47,376838
47,2907.91
47,509737
47,334793
47,291299
47,456639.22
47,384012
47,154443
47,157390
47,231729
47,168107.4
47,296934.13
47,496902
47,509682
47,828662
47,480153
47,125314
47,133507
47,365928
47,60877.64
47,344307.01
47,554037
47,292965.61
47,384676
47,362125
47,185002
47,95242
47,475348.72
47,4895.87
47,378585.16
47,413392.83
47,696324.14
47,121982.49
47,25023.32
47,186260
47,814852.75
47,6856
47,253032.74
47,34086.77
47,55554.29
47,264940
47,291295
47,301984
47,215515
47,511283
47,332347
47,182865
47,89998.2
47,295890.32
47,419251
47,337115
47,114521
47,173347
47,517945
48,259020.86
48,93942
48,178821
48,196406
48,37645
48,48575
48,145498.84
48,74063.39
48,176351
48,98858
48,348602
48,218854.78
48,46230.66
48,14074.16
48,352859
48,347870
48,50830
48,132874
48,113533
48,89806.66
48,353634.06
48,306245.79
48,94372
48,73833.58
48,188215.38
48,97169.93
48,156682.41
48,106719.15
48,160796.64
48,39002
48,187949
48,302599
48,106420
48,26162.3
48,267064.71
48,197368.57
48,81456
48,31513.15
48,205843.19
48,302217
48,444435
48,506070.32
48,47405
48,117502.51
48,16702
48,176654
48,229079
48,266713.9
48,985763
48,164479.93
48,213257
48,326102.41
48,53745
48,88634.91
48,25027
48,193158.57
48,196761.12
48,304728
48,78886.91
48,52224.69
48,64802.87
48,326594.49
48,39813
48,136397
48,286940.2
48,21045
48,67414
48,100244
48,516356.4
48,25012.34
48,634.2
48,334700.7
48,109976
48,326079.12
48,516830.3
48,122736.06
48,118068.37
48,222824
48,52978
48,451393
48,112078
48,290279
48,72860
48,78404
48,11246
48,94765
48,15696
48,453473
48,6706
48,1251
48,33219
48,45342
48,76838.87
48,1077
48,144372.98
48,596.8
48,88160.43
48,61638.98
48,3351.83
48,51123.15
48,7694.76
48,28057.2
48,62898.8
48,199987.72
48,177554.02
48,241915
48,243692.99
48,134129
48,491241.21
48,269354
48,201750.1
48,257826
48,281544
48,302323.25
48,110568.22
48,46719.17
48,203840
48,187880.88
48,106573.41
48,165579.49
48,315787
48,90007.61
48,167436
48,296519.19
48,57249
48,218405.73
48,87789
48,187238.03
48,437424.99
48,643572.98
48,74344.31
48,117607
48,186160.34
48,58141.75
48,716038
48,0
48,37706.04
48,91526
48,3037.44
48,38873
48,770825
48,431760
48,77527
48,41138
48,1762594.7
48,44814.26
48,165897.27
48,199552.01
48,158638.36
48,25945.43
48,474602
48,680.35
48,113371.5
48,34931
48,111864
48,331546
48,49023.17
48,126231.33
48,14507.68
48,91657.95
48,403126
48,30281.13
48,193573.49
48,106932.66
48,19408.69
48,52761
48,7668.23
48,55278
48,165950
48,103731.12
48,42036
48,23694
48,70187.94
48,56360.95
48,153798.4
48,67193
48,171200
48,97180.13
48,263881.95
48,146278.43
48,1166998.63
48,807492.11
48,135137.92
48,35248
48,94060
48,63630.82
48,46431.31
48,808384
48,297343.05
48,144037
48,126527.05
48,97507.01
48,18220.28
48,80728.53
48,154676.46
48,21298
48,218181
48,111419
48,229472.01
48,301848.8
48,60999.29
48,817078.62
48,109966.66
48,142214
48,105391.41
48,219865.15
48,30130.01
48,138957
48,257028
48,78301.1
48,11156.06
48,87398.23
48,27676.6
48,40834.95
48,5222
48,189790
48,120412.84
48,13856.82
48,248326.49
48,104578.94
48,57974
48,86505.87
48,147393
48,1264142
48,396036
48,91228.38
48,122698
48,100850
48,540369
48,164279
48,144814
48,74397
48,233969.21
48,106081
48,89158.6
48,31209.75
48,90105.82
48,419399.51
48,357975.37
48,393519
48,108627.61
48,711485
48,26924.55
48,309995
48,1186.44
48,25137
48,12425.95
48,104263
48,88340
48,30426
48,77530
48,873
48,66329
48,17092
48,260537
48,370755
48,17535.44
48,17812
48,232429
48,842538
48,393132
48,192655.27
48,364612.77
48,15573.31
48,120762.91
48,335573.74
48,46194.62
48,97124.8
48,145016
48,142762.76
48,334372
48,135999
48,4506
48,122425
48,147
48,78327
48,199589
48,22996.67
48,67475.95
48,203448.37
48,226803.54
48,39755.4
48,129295.04
48,91573.75
48,615046
48,51942.5
48,94759.49
48,180085
48,81666
48,102007.54
48,162631
48,31955
48,1574
48,2541
48,72109
48,54124
48,295577.94
48,61211.53
48,65084
48,179989
48,39121.57
48,35628.76
48,9447.49
48,42374.11
48,139564.47
48,61509.05
48,13249.58
48,84009
48,239558
48,104558
48,46985
48,186664
48,37757.18
48,65707.48
48,361829.97
48,150257.47
48,159480.83
48,1295062
48,41110
48,208779
48,357253.24
48,63421
48,24039.21
48,57774
48,189498.47
48,951
48,46278
48,10279
48,0
48,142411
48,56186.76
48,80271.11
48,49741
48,133546
48,25281
48,198439.98
48,597723
48,338838
48,255264
48,110793.07
48,217042.36
48,11343.84
48,62021.34
48,165150.94
48,289975.2
48,52473.17
48,79031.78
48,181937.43
48,89152.34
48,57662.37
48,213835.04
48,155588.52
48,234366.17
48,4825
48,353141
48,144369
48,68721
48,334234.66
48,266169.6
48,21125
48,76982.88
48,51952.33
48,299939
48,369741.98
48,39507.34
48,23898.26
48,34050.15
48,79480.99
48,96002.64
48,75749
48,41830
48,269306
48,474758.04
48,10074
48,42102
48,57936
48,168612
48,285825
48,17529
48,76984
48,61792.55
48,31609.8
48,9578.6
48,20131
48,155111.02
48,33854
48,284542.15
48,41940
48,658842.14
48,771801.16
48,143125.23
48,49318.68
48,377112
48,614012
48,135845.88
48,77477.07
48,127886.89
48,92105
48,460390
48,61744.34
48,172100
48,138654
48,72473
48,120552.66
48,156067
48,92652
48,55024.46
48,16039.09
48,2453
48,54596
48,69229
48,38717
48,4316
48,31645
48,262370
48,44021.2
48,25418
48,126078
48,44278
48,745
48,70229
48,333650.59
48,165787
48,56282
48,113778.7
48,248903
48,169624.73
48,210314
48,113136.88
48,153346.87
48,113294.12
48,102225.3
48,28550.07
48,917858
48,104915.31
48,110761.31
48,29427
48,51204
48,176305.46
48,2901
48,38043
48,39308
48,19021
48,607
48,15143
48,92746
48,24139.44
48,83352.11
48,3913
48,84156.58
48,53541
48,150405.84
48,120478
48,3607
48,37003
48,31823
48,32161
48,2175
48,4786
48,388
48,26950
48,2305
48,12577
48,23008
48,18136
48,80237
48,105110
48,112159
48,44994.82
48,62480
48,109987
48,173818
50,306619.63
50,60266.5
50,112623
50,1118252
50,69577
50,154035.39
50,56587
50,12822
50,203888
50,244300
50,197471
50,190085
50,58262
50,775106
50,50676.26
50,124753
50,142438
50,134231
50,174755.99
50,15192
50,94890
50,595569.45
50,116429.38
50,11892
50,90621
50,93416
50,61910
50,161871
50,74927
50,28857
50,134672
50,78026
50,38256
50,371326.28
50,737751
50,80337
50,57755
50,22006.35
50,67946
50,159237.73
50,120970
50,7124.38
50,865002.44
50,190666.3
50,534758
50,838226
50,2524412
50,46066
50,422080
50,405861.69
50,348215.47
50,1389089
50,90329.55
50,120996
50,391226
50,181634.74
50,142265
50,334090
50,440307
50,8996.16
50,411320.37
50,176728.41
50,171837
50,359515
50,438988
50,697324
50,264359
50,170857
50,392529
50,196508
50,498379
50,213613.56
50,1334032
50,156527
50,260589.84
50,383965
50,228114.88
50,122573.72
50,647913.33
50,296137.63
50,28288
50,262444
50,182448
50,418007
50,23964
50,39458
50,140315
50,58926.02
50,30592.69
50,497469.35
50,171646.01
50,54670
50,36571
50,19402
50,722220
50,69464
50,553049
50,393487.7
50,81187
50,224150
50,331943.43
50,531787
50,110110
50,256480
50,234985
50,1539066
50,196530
50,56334
50,130590
50,96102
50,250797
50,426543
50,87351
50,4241.51
50,152457
50,99649
50,21728
50,126005.73
50,187627
50,55878
50,66687.89
50,82241
50,1639271
50,145730
50,454870
50,70367
50,321283
50,548032
50,484497
50,86000
50,696971
50,545301
50,517947
50,369564.48
50,137381.05
50,703123
50,531523
50,377367
50,75795
50,51148
50,133651
50,504883
50,234594.3
50,252994
50,1658299.83
50,239351
50,37453
50,840843
50,403265
50,116231
50,188520
50,339758
50,1168950
50,643678
50,576583
50,480393
50,363169
50,411118
50,387154
50,89792
50,448991.15
50,21989
50,271028
50,790929
50,627450
50,591329
50,60060
50,1315361
50,473379
50,65443
50,19198.24
50,207875.71
50,201296
50,30244
50,76343
50,271594.33
50,62565
50,2709760
50,709645
50,74367
50,846788
50,906084
50,3098431
50,280098
50,313404.01
50,38035
50,598351
50,265069
50,233969
50,234519.35
50,16551.73
50,66213
50,414981.26
50,37210.09
50,558543.83
50,119875.14
50,668398.61
50,710095.55
50,121264.31
50,2028600
50,221599
50,211229
50,1410676
50,159521
50,1426087
50,606843
50,44248
50,264833
50,261793
50,982344
50,323784
50,58130
50,61763
50,513947.13
50,299814
50,14747
50,119574.52
50,51623.01
50,913902.11
50,803487.5
50,118004.36
50,67494
50,54234
50,364431
50,487611
50,402605
50,75048
50,899456
50,658434
50,107157
50,448622
50,3097391
50,567477
50,96596
50,83131
50,118818
50,406958
50,251853
50,1126680
50,598389.73
50,29557
50,405226
50,644807
50,342397
50,538663.01
50,508222.98
50,44023.33
50,291286.79
50,584552
50,194072.73
50,179657.56
50,248692.93
50,718719.84
50,390722.4
50,80752.22
50,531832
50,211040
50,877992.69
50,968805.55
50,374826
50,223206.36
50,415489.56
50,480286.72
50,31137
50,212302
50,973548
50,951279
50,276619
50,125943
50,183903
50,130669
50,133979
50,146172
50,307152
50,169341
50,353437
50,700691
50,499041
50,286548
50,666662
50,80295
50,67784
50,74554
50,121428
50,92346
50,103256.58
50,217971.89
50,130446
50,335215
50,191586
50,4172959
50,684703
50,835864
50,119475
50,310767
50,180527
50,123039
50,313466
50,322815.85
50,885405.46
50,235994.29
50,212181.23
50,523410
50,111989
50,237146.7
50,189692.72
50,120397.39
50,3435
50,236290
50,187920.7
50,284713
50,126685
50,351432
50,74136.81
50,124264.66
50,395161
50,99606
50,417772
50,484817
50,153872
50,37539
50,136156
50,144738
50,57302
50,378190
50,107038
50,219338
50,205966
50,100015
50,174165
50,53945
50,595110
50,378854
50,50708
50,271585
50,433663
50,200183
50,5118
50,2406
50,22546
50,12845
50,11985
50,35555
50,304550
50,634846.14
50,16888
50,553779.71
50,76205.07
50,273443.73
50,204887
50,653852.17
50,466102
50,393503.75
50,742285
50,36083.23
50,16258
50,72434
50,81267.06
50,3496
50,143684
50,82994
50,192098.23
50,826875.43
50,124209.17
50,739622.11
50,211309.9
50,317754.9
50,40459
50,22766.1
50,73481
50,1001546.37
50,62966
50,140830
50,254801.16
50,2357940
50,204787
50,268153.33
50,7795
50,214932.3
50,98954
50,33005
50,300967
50,1544419
50,49950
50,216893
50,457323
50,836871
50,1174973
50,62665
50,721974
50,130986
50,137277
50,1527663
50,770023
50,851469
50,489149
50,145794
50,74043
50,77924
50,226388
50,35670
50,2068558
50,824670
50,237919
50,236530
50,50677
50,256469
50,743120
50,508729
50,678118
50,515829
50,950896
50,180186
50,131289
50,397293
50,17070.73
50,209547
50,917676
50,373400
50,117365
50,324258
50,2760
50,56991.54
50,945171.06
50,255931.57
50,689554.18
50,863010
50,162872
50,86658.91
50,81603.33
50,192210
50,143232
50,17460.61
50,247088
50,45632
50,104318
50,175822.21
50,538937
50,568470
50,426684
50,208003.24
50,856981
50,417307.26
50,25158
50,217941.99
50,796732.53
50,179022.96
50,26492.29
50,236888.23
50,1644384
50,166316.5
50,77196
50,272994.79
50,190744
50,74943.59
50,29587.92
50,297739
50,142841
50,338171
50,19441.84
50,142028.81
50,126598
50,576542
50,453049
50,27596
50,243209
50,31659
50,35140
50,474611
50,369695
50,890071
50,997142
50,821432
50,113296
50,877853
50,948213
50,809681
50,262792
50,212185.06
50,942318.73
50,5310
50,4316
50,6640
50,11024
50,310412
50,1693413
50,877794
50,490250
50,43281
50,271475
50,47683.98
50,38811
50,595229
50,762863
50,292754.42
50,1170195
50,383693
50,303081.35
50,457412
50,223611
50,306561.67
50,163833.12
50,206272
50,598809
50,781213.98
50,2406695
50,1191221.94
50,227536.22
50,9034
50,494782.86
50,471964.8
50,230083.36
50,344162.1
50,106532.02
50,1867600
50,294345.59
50,444416
50,162679.23
50,207466.2
50,768313
50,390702.25
50,796094
50,350306.1
50,255804
50,242223
50,81310.81
50,130368.99
50,64535
50,429367
50,147620
50,51767
50,132737
50,2466
50,203412
50,77877
50,71428
50,40558
50,117234
50,315532
50,305250
50,112287
50,366302
50,768123
50,143441
50,699588
50,164391
50,466087
50,399399
50,399118
50,26748
50,166506
50,41466
50,605978
50,860325
50,1239530
50,122236
50,608166
50,1127856
50,529432
50,69548
50,550868
50,109615.08
61,65236.07
61,21267.35
61,324455
61,127530
61,192567.3
61,24694
61,153711.89
61,699457
61,367401
61,128226.23
61,38430
61,20232.18
61,306350.65
61,63525.46
61,317953
61,208225
61,198034
61,142178.01
61,246087.87
61,431662.04
61,326441
61,82966
61,39594.18
61,20909.41
61,72819.41
61,611174.17
61,281724
61,88814.29
61,229839.16
61,115195.49
61,149413
61,890952
61,486845
61,205368
61,64827.31
61,96542
61,180167.13
61,300050
61,255240
61,278238
61,78628
61,44570
61,42756
61,107308
61,44893
61,420380.53
61,138144.42
61,159765.25
61,176836.15
61,31700.22
61,864361
61,184583.14
61,28724.24
61,28568.53
61,28430.82
61,230298.28
61,19765
61,204923
61,91072
61,101441.74
61,19570
61,9071
61,11508.07
61,72887
61,108293.78
61,62879
61,152842
61,4818889.96
61,141699
61,34709
61,68328.02
61,397593.34
61,240094.85
61,77966
61,287869
61,312383.37
61,311777
61,214478
61,30281
61,12429
61,10214.44
61,16101
61,74594
61,19516.77
61,191655.21
61,92974.39
61,386518
61,120550
61,76752
61,237896.65
61,110305.1
61,445020.57
61,83934
61,651765.82
61,99173.72
61,241912
61,338405
61,599057
61,541640
61,269909
61,48457
61,164387
61,72673.8
73,11396
73,176654
73,260504
73,1478611
73,538374
73,397008
73,19537
73,1315792.46
73,117775
73,109499
73,78385.47
73,335949.61
73,335090.5
73,208572.03
73,339483
73,620445
73,161538
73,205754
73,987022
73,441159
73,371697
73,505254
73,234811
73,325438
73,830284
73,498370
73,101240.64
73,853477
73,127801.5
73,168966
73,25591.58
73,102027
73,51169
73,405937
73,290327
73,173514
73,308576.76
73,137135
73,209592
73,44593
73,80116
73,546057
73,723531
73,130070.26
73,783959.37
73,115245
73,195238
73,1889.21
73,207109
73,79242
73,133325
73,268746
73,338994
73,206690
73,656736
73,277435.67
73,102011
73,2055308.39
73,154083.85
73,462046
73,102553.2
73,47439.96
73,78808.72
73,89851
74,1325695
74,1871662.23
74,53511.03
74,552245
74,166014.71
74,163172
74,10619
74,136120.23
74,94150
74,243583
74,578470
74,568368.9
74,126492
74,164378.4
74,423653
74,143342
74,1863833.68
74,360804.3
74,1153899
74,396246
74,320599.53
74,896815
74,105953
74,225207
74,28962.91
74,357731
74,325191
74,134022
74,93287
74,447642
74,808536
74,254506.64
74,279433.34
74,468874
74,358886
74,159077
74,248419
74,976385.79
74,655233
74,108569
74,194041
74,255229
74,253398.32
74,388259.53
74,63788
74,170639
74,254446
74,770373.73
74,17193
74,264205
74,657537
74,14405.75
74,113306
74,140488
74,276619
74,124133.11
74,248160
74,536243.74
74,278305
74,1085519
74,152024
74,239399.27
74,261114
74,791782
74,82044
74,294148.57
74,75981
74,127025.97
74,276080
74,2449456
74,469112
74,253770.61
74,174855
74,420840
74,1213548
74,386593
74,1608927.16
74,174698.78
74,190237.59
74,121317
74,503671
74,148212
74,6550.95
74,658033
74,158938
74,110721
74,774017
74,108831
74,115848.58
74,535337
74,1532514.15
74,482756
74,177659
74,398953.22
74,33781
74,564940
74,316874
74,705198.1
74,692530.49
74,888526.31
74,612907.1
74,253529.34
74,319050
74,488216
74,272219
74,635413
74,412573
74,227974
74,378798
74,632218.6
74,46366
74,524600.4
74,139128
74,668780
83,171113
83,329947.97
83,8908
83,139360
83,5463
83,57776.84
83,156337
83,66940.48
83,467057
83,37599.88
83,27121
83,126888.14
83,504739
83,125808
83,4255
83,302895.58
83,217362.39
83,283317
83,82900
83,19808
83,943678.85
83,25025
83,167076
83,797075.61
83,1029809.73
83,294558
83,584687.71
83,468354.75
83,35975.93
83,24747
83,66259.26
83,14822
83,243961
83,710149.39
83,269154
83,35521
83,825294.51
83,324535
83,344571
83,164426
83,27519
83,521648
83,1083380
83,431672
83,530410
83,170790.59
83,338510
83,97716
83,655305
83,279882
83,93906
83,208764.67
83,686008
83,51636.3
83,294751
83,145240.96
83,388259
83,240407
83,96628.62
83,1057349
83,132814
83,173550
83,364501.85
83,101289
83,327624
83,94695
83,155426.95
83,437811.62
83,150612.93
83,84227.93
83,570479
83,443236
83,28639.94
83,546995.08
83,343150
83,23744.54
83,369978
83,277395
83,43346
83,286709
83,716589
83,308621
83,614366.53
83,91957
83,1006842
83,923983
83,527947
83,96046
83,472691
83,343949.02
83,116789.19
83,8977
83,102023
83,655271
83,508914.96
83,76001
83,145965
83,685423.23
83,180885
83,28419.37
83,242112
83,495240
83,43786.81
83,677730.54
83,476280.82
83,492957
83,737858.35
83,49667.75
83,500678.96
83,145981
83,488985
83,234884
83,1791070
83,177586
83,197996
83,209231
83,31861.56
83,137270
83,169324.66
83,70136
83,45863.23
83,0
83,197612
83,833922.99
83,195014
83,104855
83,378038.3
83,10340
83,245440.12
83,495031
83,9596
83,144524
83,903378.26
83,200791
83,157714
83,208668
83,123585
83,122915
83,391636
83,117060
83,145380
83,77769
83,278799
83,997506
83,36768.16
83,320396
83,344197
83,652801.16
83,38316
83,548321
83,86863
83,25858
83,1880
83,19103.75
83,1234040
83,112996
83,330904
83,187739.37
83,509419.72
83,766
83,582637.14
83,43314
83,4869.19
83,500759
83,830361.9
83,50444
83,271029
83,72486
83,2206250
83,76843
83,147759
83,68467.59
83,1284893
83,369579
83,56481
83,95827
83,94314.42
83,182234
83,104603
83,121121.41
83,104085.79
83,219510
83,655828
83,237594.81
83,280184
83,502932
83,156233
83,24282
83,962716
83,391231
83,392273
83,164496
83,3214.42
83,4392
83,541065
83,726391
83,214920
83,406905
83,294536
83,662599
83,74445
83,362451.68
83,6172.21
83,497407
83,225031
83,522543
83,798555
83,31406
83,267850
83,148572
83,183784.92
83,214530.52
83,140820.42
83,218419.46
83,289184.71
83,309071.84
83,51641
83,185742
83,184545.54
83,447547
83,101538.47
83,232561
83,140801
83,957561
83,278513
83,75493.75
83,800326
83,178216.44
83,1129794.53
83,236828.68
83,87830
83,121801
83,186030
83,154897
83,134396
83,182062
83,9999
83,225356
83,111344
83,107459.71
83,46467.76
83,338048
83,780773
83,656830
83,547170
83,28121
83,103774
83,1374820
83,121892.94
83,90518.75
83,126824
83,97396
83,320705
83,22981
83,103668
83,45260.48
83,205573.83
83,186692
83,332477
83,100181.01
83,59482
83,171805
83,502201.81
83,707305
83,388958
83,21850
83,162758.9
83,92779
83,187960.14
83,491035
83,181718
83,294609.19
83,761208.84
83,83522
83,236259
83,49002.07
83,269152.21
83,36264.62
83,81095.92
83,836912
83,223110
83,79832
83,332779
83,518114.52
83,229285
83,939284
83,239133
83,442995.33
83,340122
83,254780
83,427280.05
83,457409
83,28062
83,53176.38
83,194160
83,438720
83,503474
83,321395.1
83,120121.11
83,547740
83,754
83,273731
83,151778.15
83,520586
83,283271
83,21799
83,401889
83,109628
83,21301
83,11609
83,152130
83,532143
83,131096
83,107219
83,176140
83,140503.07
83,61289
83,50248
83,1009995
83,232814
83,202148
83,523204
83,525395
83,14687
83,697414
83,100683
83,103104
83,36591.37
83,69051
83,259436
83,155077
83,293489
83,97787
83,428821.33
83,414280
83,250323
83,198127
83,213700
83,433876
83,154029
83,369803
83,159866
83,386737
83,287372.89
83,188672.63
83,81482.67
83,203384
83,49933.24
83,559470
83,88574
83,53141
83,273490
83,146460
83,98364.51
83,142037.19
83,249314
83,184207
83,204983
83,168633
83,323339.26
83,106415.63
83,17562
83,53515
83,29445
83,192492.55
83,112331
83,642889.21
83,80463.3
83,1405383
83,195089
83,343724
83,763044
83,47011
83,314028
83,194487
83,163609
83,431642
83,15845
83,202004
83,236914
83,212506
83,126310
83,9272
83,33750
83,470327
83,211615
83,249666
83,271778
83,519121
83,191760
83,110276
83,132440
83,63657
83,50431
83,223792
83,32309
83,22874.39
83,63998
83,214907
83,151852
83,449097
83,276147
83,27857.52
83,115966
83,408072
83,653265
83,207590
83,108448
83,124988
83,73403.37
83,163843
83,320312
83,223002
83,295497
83,82220
83,55771.61
83,529638
83,57674
83,62007.15
83,68250
83,3754
83,150923
83,162560
83,34692
83,211223.37
83,119528
83,70107.26
83,141915.04
83,5829
83,58899
83,59123
83,147426
83,205535
83,344150
83,65662.31
83,431954
83,47763
83,114919
83,22543
83,89342
83,23027
83,306605
83,71970
83,91858
83,99889
83,315639.27
83,39617
83,184047
83,182063
83,465404
83,61514
83,46279
83,343457
83,300038
83,61918.55
83,336254
83,601613
83,142059
83,669201
83,32277
83,305508
84,42884
84,19647
84,33771
84,37701.59
84,48524
84,112693
84,126640.69
84,354903.29
84,169190.19
84,21744
84,122670.62
84,36539.13
84,821510
84,133283.59
84,190599
84,26403
84,79895.8
84,269579.03
84,119541
84,37591.84
84,264946
84,115091
84,262877
84,194406.29
84,344837
84,292325
84,733829
84,317479
84,64614.91
84,26447.08
84,35715
84,83039
84,240859.14
84,228391
84,156614
84,14142.78
84,172352.87
84,401583
84,136352.46
84,258724.8
84,162549.63
84,303593.57
84,10147
84,466041
84,47021.59
84,933817.63
84,220142
84,477775
84,315594
84,335390.7
84,212374.91
84,208918
84,797380
84,598062
84,43847
84,36235
84,16990
84,757379
84,582028
84,347037.84
84,327953
84,149878
84,65478
84,103475
84,617621.37
84,184997.7
84,112981.57
84,137538
84,458105
84,1222.8
84,195901
84,151134
84,214011
84,361612
84,7054.04
84,26771
84,630269
84,65744.27
84,396571
84,251576.53
84,148539
84,46679
84,120340.72
84,347868.11
84,117560
84,383344.39
84,47413
84,73729
84,458447.67
84,638286
84,9302
84,302090
84,159042.07
84,160257.39
84,212206.98
84,144606.35
84,6126
84,530712
84,939966
84,67012
84,263500
84,1098148
84,1394477
84,617754.64
84,625058.85
84,54330.35
84,24741
84,531877
84,523689
84,294357
84,55685
84,1790805
84,258739
84,16394.07
84,215812.25
84,324564
84,180853
84,129819
84,561923
84,174713
84,114202
84,265450
84,1759017
84,408963.85
84,114213
84,106746.21
84,80625.22
84,43826
84,212723.43
84,218333
84,13625
84,284789.35
84,328978
84,827827.36
84,60449.2
84,767920.15
84,139201.5
84,46836.19
84,37458
84,69192.75
84,49152
84,183971
84,109150.93
84,263329.28
84,230891
84,666383.65
84,76902
84,195782
84,21675
84,164167
84,405388.34
84,1012467.72
